序号,项目名/中文,项目名/英文,类型/中文,类型/英文,中文详情文案,English detail copy,官网,行业标签 1,行业标签 2,行业标签 3,行业标签 4,行业标签 1 / English,行业标签 2 / English,行业标签 3 / English,行业标签 4 / English,细分领域标签,标注依据,公开核验链接,核验状态,检索日期
1,智谱,Z.AI,基础模型与学习范式,Foundation Models & Learning,智谱源于清华大学相关研究团队，以 GLM 系列语言及多模态模型为核心，提供面向开发者和企业的平台、智能体接口等服务。公司于 2026 年 1 月在港交所上市，股票代码 02513.HK。,"Originating from Tsinghua research, Z.AI centers its developer and enterprise offerings on the GLM family of language and multimodal models, alongside agent APIs and related tools. It listed on the Hong Kong Stock Exchange in January 2026 under 02513.HK.",https://z.ai,基础模型与学习范式,,,,Foundation Models & Learning,,,,大语言模型、多模态模型、MaaS、通用智能体、AI 编程,GLM 模型研发对应基础模型；开放平台与模型 API 对应基础设施；聊天、智能体与 Coding Plan 对应 AI 原生应用。,"https://z.ai
https://docs.z.ai/guides/overview/quick-start",官网与开发者文档已核验,2026-10-05
2,生数科技,GensPI,基础模型与学习范式,Foundation Models & Learning,生数科技以 Vidu 视频生成产品服务内容创作，同时研发 Vidar 等视频理解与具身基础模型。视频产品与世界模型研究并进，连接当前创作需求和长期物理智能方向。,"GensPI brings video generation to creators through Vidu while pursuing video understanding and embodied-model research, including Vidar. Its two tracks connect a current creative product with longer-term work on world models and physical AI.",https://www.genspi.com,基础模型与学习范式,,,,Foundation Models & Learning,,,,视频生成、通用世界模型、世界动作模型、内容智能体、模型服务,官网披露 Vidu 世界生成模型、Vidu Claw 应用、Motus/Motubrain 世界动作模型和 Vidu MaaS，分别覆盖模型、应用、具身与模型服务。,https://www.genspi.com/zh/about/,官网已核验,2026-10-05
3,面壁智能,MODELBEST,基础模型与学习范式,Foundation Models & Learning,面壁智能以 MiniCPM 系列高效语言及多模态模型推动端侧 AI。相对庞大的云端模型，其重点是在资源受限设备上提供可实际部署的模型能力。,MODELBEST’s MiniCPM family focuses on efficient language and multimodal models for on-device AI. The work brings useful model capability to resource-constrained hardware rather than relying solely on large cloud deployments.,https://modelbest.cn,基础模型与学习范式,,,,Foundation Models & Learning,,,,端侧大模型、全模态模型、VLA、语音生成、端侧助手,MiniCPM、MiniCPM-O/V 和 VoxCPM 对应基础模型；MiniCPM-Robot 明确面向机器人；官网端侧智能助手和智能座舱产品支持应用标签。,https://modelbest.cn/en,官网已核验,2026-10-05
4,智在无界,BeingBeyond,基础模型与学习范式,Foundation Models & Learning,智在无界以 Being-H 系列机器人模型探索灵巧操作，利用人类视频与多模态数据训练具身能力。公司同时提供面向人形机器人的模型与系统方案。,"BeingBeyond trains its Being-H robotics models on human video and multimodal data, with a focus on dexterous manipulation. The company pairs model research with system-level solutions for humanoid robots.",https://www.beingbeyond.com,基础模型与学习范式,具身智能,,,Foundation Models & Learning,Embodied AI,,,具身基础模型、灵巧操作、世界动作模型、跨本体迁移,公司官网披露 Being-H 通用灵巧操作及 Being-M 通用移动操作大模型，模型研发与机器人应用两条方向均明确。,"https://beingbeyond.com/newsInfo/1227.html
https://beingbeyond.com/newsInfo/1219.html",官网公开资料已核验,2026-10-05
5,模思智能,Mosi,基础模型与学习范式,Foundation Models & Learning,模思智能源于复旦大学语音研究团队，以 SpeechGPT 等成果探索能感知、表达并实时回应的语音模型。其方向是让语音智能体处理打断、情绪和自然对话，而不只是朗读文字。,"Originating from Fudan speech research, Mosi builds on SpeechGPT to pursue voice models that perceive, generate and respond in real time. Its focus moves beyond reading text toward agents that handle interruptions and richer conversational cues.",https://www.mosi.cn,基础模型与学习范式,,,,Foundation Models & Learning,,,,语音与音频模型、实时交互、多模态生成、创作工具、模型 API,官网 MOSS 系列覆盖语音、音频和视频模型；Mossland、MosMos 为应用产品；另有独立模型 API 平台。,https://www.mosi.cn/,官网已核验,2026-10-05
6,幂级智能,DenseAI,基础模型与学习范式,Foundation Models & Learning,幂级智能以世界模型和密集强化学习研究物理智能，使自动驾驶与具身系统能够生成高价值训练数据，并更有效地进行测试和训练。,DenseAI combines world models with dense reinforcement learning for physical AI. The approach aims to generate useful training data and scale testing for autonomous driving and embodied systems.,未检索到公开官网,基础模型与学习范式,具身智能,,,Foundation Models & Learning,Embodied AI,,,物理世界模型、密集强化学习、仿真训练、自动驾驶数据,创始人访谈确认 DenseAI 以物理世界模型连接真实场景与数据。具身标签依据机器人及自动驾驶方向；基础设施为训练、测试与高价值数据工具的交叉判断。,https://www.36kr.com/p/4002455514666889,公开访谈已核验，部分按描述判断,2026-10-05
7,脸谱心智,FaceMind,基础模型与学习范式,Foundation Models & Learning,脸谱心智开发端侧多模态模型，并以“叠叠社”等实时 AI 弹幕产品探索交互方式。系统可理解屏幕上的文字、图像与声音，生成与当前内容相关的回应。,"FaceMind develops on-device multimodal models and tests them in real-time products such as DieDieShe. Its AI commentary can respond to text, images and audio on a user’s screen, creating a more context-aware interaction.",https://faceminda.com,基础模型与学习范式,AI 原生应用,,,Foundation Models & Learning,AI-Native Applications,,,语言模型、记忆机制、角色世界模型、AI 弹幕、多模态智能体,官网明确以语言模型与世界模型研究为基础，并将能力用于叠叠社等产品；这里的角色世界模型不足以单独支持机器人类具身标签。,https://faceminda.com/,官网已核验,2026-10-05
8,厘清智能,Litchi,基础模型与学习范式,Foundation Models & Learning,厘清智能不以机器人本体为核心，而是提供物理智能所需的世界模型、数据与技能基础设施。其方向是帮助具身系统在不同场景、任务和机器人形态之间迁移能力。,"Litchi works on the infrastructure beneath physical AI rather than robot hardware. Its world-model, data and skill systems aim to help embodied capabilities generalize across settings, tasks and robot forms.",未检索到公开官网,基础模型与学习范式,具身智能,,,Foundation Models & Learning,Embodied AI,,,Physical AI、世界模型、数据采集、机器人操作系统、跨本体迁移,官网及政府调研材料确认具身世界模型、物理 AI 基础设施、通用操作系统和机器人数采套装，支持三个交叉方向。,"https://litchibot.com/
https://jxj.beijing.gov.cn/ztzl/ywzt/hbjh/hbdt/hbdt/202607/t20260709_4755436.html",官网与政府资料已核验,2026-10-05
9,超衍智能,Apex Intelligence,基础模型与学习范式,Foundation Models & Learning,超衍智能围绕自进化基座模型，把任务环境、数据、模型和评估器组成持续学习闭环。已探索计算物理、化学、生物等跨学科研发环境，目标是让模型在实际科研任务中不断改进。,"Apex Intelligence is developing self-evolving foundation models around a loop of task environments, data, models and evaluators. Its cross-disciplinary research settings include computational physics, chemistry and biology, where learning from real R&D tasks matters.",未检索到公开官网,基础模型与学习范式,科学智能,,,Foundation Models & Learning,AI for Science,,,递归自进化、AI Scientist、自主科研、科学计算、科研智能体,公司新闻稿及投资方公告明确自进化基础大模型、跨学科自主科学发现与 AI Scientist 网络。应用标签指自主科研智能体系统。,"https://www.prnewswire.com/apac/zh/news-releases/4-302880705.html
https://www.xtalpi.com/官宣｜超衍智能完成近4亿人民币天使系列融资，构/",公司新闻稿与投资方资料已核验,2026-10-05
10,无限镜元,MirroS,基础模型与学习范式,Foundation Models & Learning,无限镜元构建“智能体＋环境”双向演化的世界模型：智能体行动改变环境，环境反馈又更新智能体能力。该闭环针对具身训练中交互数据稀缺与虚实衔接困难的问题。,"MirroS models both the agent and its environment: actions change the world, and the resulting feedback updates the agent. This dual loop addresses scarce interaction data and the gap between simulated and real physical-AI training.",https://mirros.ai,基础模型与学习范式,具身智能,,,Foundation Models & Learning,Embodied AI,,,物理世界模型、Physical RSI、智能体与环境共演化、具身训练环境,官网描述持续验证和改进的世界模型，以及模型与智能体共同演化的 OS；具身训练定位结合表内描述判断。,https://mirros.ai/,官网已核验，具身用途结合描述判断,2026-10-05
11,万象智维,OMNIMIND,基础模型与学习范式,Foundation Models & Learning,万象智维采用“云端规划、设备端执行”架构，让智能体在手机等终端完成出行、购物和游戏相关任务。这样的分工兼顾复杂推理与本地响应。,"OMNIMIND pairs cloud-side planning with on-device execution so agents can carry out tasks on mobile devices. Its early use cases include mobility, shopping and gaming, where local responsiveness matters alongside more complex reasoning.",https://omnimind.com.cn,AI 基础设施,AI 原生应用,,,AI Infrastructure,AI-Native Applications,,,端侧推理、跨平台部署、智能体运行时、个人智能助手,官网核心产品为 OmniInfer、OmniStudio、OmniClaw 与 OmniBot，分别属于推理部署基础设施和智能体应用。原分类保留，新标签按官网更新。,https://omnimind.com.cn/,官网已核验,2026-10-05
12,奇点逃逸,Antropy,基础模型与学习范式,Foundation Models & Learning,奇点逃逸的 Learnable System 把任务流、系统评测和递归优化结合，使智能体能从执行反馈中持续改进。其重点是将“自我进化”做成可重复的学习机制。,"Antropy combines task flows, systematic evaluation and recursive optimization so agents can improve from their own execution feedback. The focus is a repeatable learning mechanism rather than a one-time capability gain.",未检索到公开官网,基础模型与学习范式,AI 原生应用,,,Foundation Models & Learning,AI-Native Applications,,,自进化学习系统、人机协作、任务环境、反馈学习,创始人访谈讨论反馈学习、自进化环境与 Nexus 人机协作产品；学习范式为核心，协作智能体为应用交叉方向。,https://ad.36kr.com/p/3967334281631365,公开访谈与表内描述核验,2026-10-05
13,元环智能,MetaCircle,基础模型与学习范式,Foundation Models & Learning,元环智能的元模型读取模型架构与数据分布，预测训练曲线，并探索反向设计更合适的模型。它把高度依赖经验的模型实验，推进为更可预测的研发流程。,"MetaCircle uses a meta-model to forecast training curves from model architecture and data distribution. It also explores reverse design, giving researchers earlier evidence for decisions that have often depended on intuition.",未检索到公开官网,基础模型与学习范式,,,,Foundation Models & Learning,,,,AI for AI、元模型、训练曲线预测、模型架构搜索、研发工具,公开报道与描述均指向元模型和自动化 AI 研发。基础设施标签指训练实验预测与架构设计工具，属于研发工具层交叉判断。,"https://www.mws.com.cn/dongtai/202609/275710.html
https://www.techwalker.com/2026/0912/3199137.shtml",公开报道与表内描述核验,2026-10-05
14,聆芯智语,LINGX INTELLIGENCE,基础模型与学习范式,Foundation Models & Learning,聆芯智语研发融合语音、视觉和文本的自然交互基座模型，关注情感、意图、长期上下文与实时双工对话。当前以富有表现力的语音生成和实时交流作为应用切口。,"LINGX INTELLIGENCE is working on a natural-interaction foundation model that combines speech, vision and text. Emotional cues, intent, long context and real-time two-way conversation shape its approach, with expressive voice as an early application.",未检索到公开官网,基础模型与学习范式,,,,Foundation Models & Learning,,,,语音基座模型、全双工交互、语音智能体、心理健康应用、模型 API,官网披露 LINGX-TTS、全模态交互模型、LINGX Creator/Agents/API 及聆心智慧心育产品，覆盖模型、应用和模型服务。,"https://lingxin-ai.com/index.html
https://lingxin-ai.com/xinhu.html",官网已核验,2026-10-05
15,辉羲智能,HUIXI,芯片,Chips,辉羲智能以计算芯片、开放工具链和软硬件平台服务智能驾驶，并将相关能力拓展到具身机器人场景。其重点是让复杂感知与决策任务拥有可部署的计算底座。,"HUIXI brings chips, open toolchains and integrated computing platforms to intelligent vehicles, with related work in embodied robotics. The emphasis is on deployable compute for demanding perception and decision-making tasks.",https://www.rhino.auto,芯片,具身智能,,,Chips,Embodied AI,,,机器人计算芯片、算力模组、工具链、RhinoVLA、自动驾驶计算,官网列出 R1 芯片、RISE 计算平台、RhinoVLA 具身大脑与全栈机器人方案。四个标签均有对应产品或模型。,https://www.rhino.auto/,官网已核验,2026-10-05
17,新氦类脑,NeuHelium,芯片,Chips,新氦类脑聚焦类脑芯片与片上智能系统，连接底层研发、产品化和应用场景。作为上海类脑芯片相关功能平台，其工作覆盖共性技术与前沿探索。,"NeuHelium works on neuromorphic chips and on-chip intelligence, linking research with commercialization and application needs. As a Shanghai platform for this field, it supports both shared industry technologies and exploratory work.",http://www.neuhelium.com,芯片,基础模型与学习范式,,,Chips,Foundation Models & Learning,,,类脑芯片、片上智能、脉冲神经网络、神经拟态计算、持续学习,复旦和脑科学研究中心资料确认类脑芯片平台、脉冲神经网络学习及持续学习研究；第二标签对应学习范式，非通用语言基座模型。,"https://news.fudan.edu.cn/2026/0604/c1247a149450/page.htm
https://www.bsbii.cn/website/66/content/2021/1611193731445.html",高校与科研机构资料已核验,2026-10-05
18,谦合益邦,AGIC micro,芯片,Chips,谦合益邦提供从计算芯片、加速卡到集成计算方案的 AI 基础设施，覆盖不同部署环境的算力需求。其“芯片到云”路线将硬件与系统交付结合。,AGIC micro spans the infrastructure stack from compute chips and accelerator cards to integrated AI systems. Its chip-to-cloud approach addresses different deployment needs through hardware and system design.,https://www.agicmicro.com,芯片,,,,Chips,,,,3D DRAM、存算一体、计算 SoC、加速硬件、云端计算,官网确认 3D DRAM 存算一体体系、终端及云端芯片产品；计算系统交付方向结合原描述，形成芯片与基础设施交叉。,https://www.agicmicro.com/,官网已核验，系统方向结合描述判断,2026-10-05
19,北极雄芯,Polar Bear Tech,芯片,Chips,北极雄芯以 Chiplet、3DIC 和近存计算探索更适配 AI 推理的芯片架构，同时面向车规级场景开发异构集成 SoC。云端推理与端侧应用构成其双线技术路线。,"Polar Bear Tech combines chiplets, 3D integration and near-memory computing for AI inference, alongside automotive-grade heterogeneous SoCs. Its architecture work spans both data-center decoding and edge applications.",http://www.bjxx.tech,芯片,,,,Chips,,,,Chiplet、异构集成、AI 加速、近存计算、车规 SoC,公开资料确认芯粒计算产品及算法、编译和软件工具链。基础设施标签对应 AI 高性能计算体系，不据汽车客户自动添加具身标签。,"https://pitchhub.36kr.com/project/1744024791833478
https://zhengqi.hsw.cn/system/2023/0823/1660698.shtml",公开产品资料与表内描述核验,2026-10-05
20,芯生视界,XS Vision,芯片,Chips,芯生视界研究面向视觉重建的植入式脑机接口。外部摄像设备采集画面，再经算法、低功耗芯片和柔性电极向视觉皮层传递刺激信号，探索帮助重度视觉损伤者恢复基本视觉感知的路径。,"XS Vision is researching an implantable visual-cortex interface for vision restoration. Its proposed system combines camera input, encoding algorithms, a low-power chip and flexible electrodes to explore basic visual perception for people with severe vision loss.",未检索到公开官网,芯片,,,,Chips,,,,植入式脑机接口、神经解码、视觉重建、低功耗芯片、医疗器械,公开行业资料确认脑机芯片、解码算法和植入器械研发。按六大方向归入芯片；神经科学与医疗器械交叉保留在细分标签中。,https://www.vbdata.cn/comp/95d8600a63eb36bf6a069a78e1dd5f70,公开行业资料与表内描述核验,2026-10-05
21,光联芯科,LIGHTLINK,芯片,Chips,光联芯科以微环硅光路线研发芯片级光互连，面向 AI 集群日益增长的数据传输需求。近封装光学引擎与精密波长修调工艺，是其从研究走向可制造产品的重点。,LIGHTLINK pursues chip-level optical interconnects through microring silicon photonics. Near-package optical engines and precise wavelength tuning are central to serving the growing data-transfer demands of AI clusters.,https://lightlinktech.net,芯片,,,,Chips,,,,硅光芯片、光互连、CPO/OIO、AI 集群网络、先进封装,官网公开产品资料和光博会展商介绍确认硅光芯片、光 I/O 芯粒与 AI 集群光互连方案，覆盖芯片及计算网络基础设施。,"https://lightlinktech.net/h-col-110.html
https://exhibitors.cioe.cn/jtycn/zs91906.html",官网公开摘要与展商资料已核验,2026-10-05
22,元触万物,Libiligence,芯片,Chips,元触万物研发可贴附、可裁剪的柔性触觉皮肤，从手指扩展到整手及更大表面。其 TFT 有源矩阵路线让机器人获取高密度接触反馈，为精细操作提供新的感知数据。,"Libiligence’s cut-to-fit tactile skin can extend from a robotic finger to a hand or larger surface. An active-matrix TFT design aims to capture dense contact feedback, a missing input for precise manipulation.",未检索到公开官网,芯片,具身智能,,,Chips,Embodied AI,,,柔性触觉皮肤、TFT 有源矩阵、触觉传感、机器人精细操作,机器人触觉与 TFT 技术方向依据表内描述。公开商标资料仅支持触摸传感器、机器人相关范围，尚不能独立核实芯片产品与量产情况。,https://tm.aliyun.com/detail/6179_92285084_9,公开资料有限，按描述标注待核,2026-10-05
23,无问芯穹,INFINIGENCE,AI 基础设施,AI Infrastructure,无问芯穹把不同架构的芯片整合进统一的智能计算平台，提供模型训练、推理所需的算力调度和云服务。其软硬件协同路线帮助团队更灵活地使用异构算力。,INFINIGENCE unifies compute from different chip architectures for model training and inference. Its software-and-hardware optimization platform gives AI teams more flexible access to heterogeneous resources and intelligent computing cloud services.,https://www.infinigence-ai.com,AI 基础设施,,,,AI Infrastructure,,,,异构算力、训练推理云、智能体平台、具身渲训推、强化学习工具链,官网产品包含多元异构训练推理平台、企业级智能体与具身智能工具链/RLark，三个标签均对应明确产品。,https://www.infinigence-ai.com/,官网已核验,2026-10-05
24,基流科技,Infrawaves,AI 基础设施,AI Infrastructure,基流科技聚焦大模型训练与推理所需的高性能计算网络，研发分布式 GPU 系统和大规模计算集群。其方向是减少跨设备协作的瓶颈，让算力更有效地服务模型。,"Infrawaves develops networking and distributed GPU systems for large-model training and inference. By addressing coordination across compute devices, it aims to make large AI clusters more efficient and easier to scale.",https://infrawaves.com,AI 基础设施,,,,AI Infrastructure,,,,GPU 集群、分布式系统、RDMA、高性能网络、AI 计算系统,清华校友资料与公开产品介绍确认分布式系统、GPU 网络及交换机产品。官网可定位，但页面正文未完整返回。,"https://infrawaves.com/
https://www.tsinghua.org.cn/__local/4/88/DF/B9F71A5074A8BC2199923420490_2B239C6A_4F2AFB.pdf
https://pitchhub.36kr.com/project/2288415573686665?header=hide&specialWeb=1",公开产品资料与校友资料已核验,2026-10-05
25,清程极智,Qingcheng.AI,AI 基础设施,AI Infrastructure,清程极智提出覆盖云、边、端的 Token 网络，将不同设备和算力节点连接起来提供模型推理服务。公司源于清华大学计算机系相关团队，关注低成本、可扩展的推理能力。,"Qingcheng.AI envisions a token-serving network spanning cloud, edge and devices. Originating from a Tsinghua computer-science team, it focuses on connecting compute resources to make model inference more accessible and efficient.","https://www.qingcheng.ai
（跳转至 qc-ai.cn）",AI 基础设施,,,,AI Infrastructure,,,,Token 服务、国产算力软件、推理引擎、模型路由、模型评测,官网确认赤兔推理引擎、AI Ping 平台和国产异构算力系统软件，属于训练推理与 Token 基础设施。,"https://www.qc-ai.cn/about
https://jxj.beijing.gov.cn/ztzl/ywzt/hbjh/hbdt/hbdt/202608/t20260804_4808427.html",官网与政府资料已核验,2026-10-05
26,硅基流动,SiliconFlow,AI 基础设施,AI Infrastructure,硅基流动的 SiliconCloud 提供模型云服务，SiliconLLM 聚焦推理引擎，OneDiff 加速图像及视频生成。三类产品覆盖模型访问、部署与性能优化。,"SiliconFlow’s stack spans SiliconCloud for model services, SiliconLLM for inference and OneDiff for accelerating image and video generation. Together, they address model access, deployment and performance for developers and enterprises.",https://siliconflow.cn,AI 基础设施,,,,AI Infrastructure,,,,模型 API、推理加速、模型云、私有化部署、异构适配,官网明确大模型 API、预留实例、推理加速与私有化部署产品。接入第三方模型不构成自研基础模型标签。,https://siliconflow.cn/,官网已核验,2026-10-05
27,行云,XING YUN,AI 基础设施,AI Infrastructure,行云集成研发面向大模型负载的新一代 GPU 与计算系统，探索异构、白盒的硬件形态。公司聚焦推理时代对算力、内存和部署成本的共同要求。,"XING YUN is developing GPU chips and computing systems for large-model workloads. Its exploration of heterogeneous and white-box hardware addresses the intertwined demands of compute, memory and deployment cost in inference.",未检索到公开官网,AI 基础设施,芯片,,,AI Infrastructure,Chips,,,大模型 GPU、高显存架构、CPU-GPU 混合推理、AI 工作站,公司官网简介确认面向大模型的 GPU 研发；官网另有褐蚁 AI 工作站和本地部署方案，支持芯片与计算系统交叉。,"https://xingyun.xin/gsjj
https://xingyun.xin/newsinfo/10938379.html",官网公开资料已核验,2026-10-05
28,趋境科技,APPROACHING.AI,AI 基础设施,AI Infrastructure,趋境科技通过软硬件协同优化大模型推理，覆盖缓存管理、异构计算和集群调度。其 Token 服务与定制推理方案，重点提升吞吐量、降低延迟和使用成本。,"APPROACHING.AI works across cache management, heterogeneous compute and cluster scheduling to improve model inference. Its token services and tailored deployments focus on throughput, latency and the cost of serving AI at scale.",https://approaching-ai.com,AI 基础设施,,,,AI Infrastructure,,,,异构推理、KV Cache、KTransformers、Mooncake、Token 服务,官网公开摘要确认 CPU+GPU 异构推理、开源推理框架和面向业务的 Token 服务，均属于模型推理基础设施。,"https://approaching-ai.com/
https://www.bsia.org.cn/site/content/32294.html",官网公开摘要与行业机构资料已核验,2026-10-05
29,厚笃科技,Houdu,AI 基础设施,AI Infrastructure,厚笃科技以高性能数据处理引擎为基础，结合隐私保护和数据治理，帮助企业在大数据与 AI 场景中安全整合、使用数据。团队源于清华大学计算机领域研究背景。,"Houdu Technology combines a high-performance data engine with privacy protection and governance tools. Originating from a Tsinghua computer-science research team, it helps enterprises prepare and use data across analytics and AI workloads.",https://www.houdutech.cn/,AI 基础设施,,,,AI Infrastructure,,,,数据处理引擎、数据治理、隐私计算、AI 数据基础设施,官网公开摘要为全栈数据采管算用服务，结合原描述中的高性能数据引擎、隐私与治理定位，归入数据基础设施。,"https://www.houdutech.cn/
https://github.com/chukonu-team",官网公开资料与表内描述核验,2026-10-05
30,沐言,MUYAN,智能体与 AI 原生应用,AI-Native Applications,沐言由“妙鸭相机”相关核心团队创立，把生成式 AI 产品经验带入社交场景。公司探索以大模型提升互动体验，寻找 AI 原生社交产品的形态。,"Founded by core members of the team behind Miaoya Camera, MUYAN brings consumer AI product experience to social applications. It explores how large models can change interaction and the design of AI-native social products.",未检索到公开官网,AI 原生应用,,,,AI-Native Applications,,,,AI 社交、互动娱乐、AI 播客、语音生成模型,创始人访谈支持社交、AI 乙女游戏及智能体方向；公司开源 Muyan-TTS 语音模型支持模型交叉标签。按创始人与产品线匹配沐言智语主体。,"https://www.xiaoyuzhoufm.com/episode/6970c1e0109824f9e1c60e7a
https://github.com/MYZY-AI/Muyan-TTS",公开访谈与公司开源项目核验,2026-10-05
31,像素绽放,PixelBloom,智能体与 AI 原生应用,AI-Native Applications,像素绽放将内容生成、自动排版与可编辑模板结合，帮助个人和团队完成演示文稿。除面向普通用户的产品外，也提供企业本地部署和 API 接入方式。,"PixelBloom combines slide generation, design assistance and editable templates in one presentation workflow. Alongside its consumer product, the company offers on-premise deployment and API integration for enterprise teams.","https://www.aippt.com
（像素绽放即 AiPPT.com 背后公司）",AI 原生应用,,,,AI-Native Applications,,,,AI 演示文稿、内容生成、设计排版、办公智能体、企业部署,AiPPT 官网列出 Agent、Classic、Flow、Visual 等演示文稿产品。API 与本地部署是应用交付方式，不单独扩为基础设施。,https://www.aippt.com/,产品官网已核验,2026-10-05
32,星脉智动,Xmax AI,智能体与 AI 原生应用,AI-Native Applications,星脉智动以 XMAX X1 探索实时交互视频模型，让生成内容可随用户动作和场景变化即时响应。其技术面向虚实融合内容、沉浸式体验和新型终端交互。,"XMAX X1 is Xmax AI’s real-time interactive video model, designed to respond as users and scenes change rather than producing a fixed clip. The technology points toward immersive content and new interactions on devices such as XR hardware.",https://xmax.ai,基础模型与学习范式,AI 原生应用,,,Foundation Models & Learning,AI-Native Applications,,,实时交互视频模型、视频生成、虚拟试穿、沉浸式内容,官网明确自研实时交互视频模型，并展示实时试穿、换景、角色替换等应用；未据视觉世界建模直接添加机器人类具身标签。,https://xmax.ai/,官网已核验,2026-10-05
33,瑞莱智慧,RealAI,智能体与 AI 原生应用,AI-Native Applications,瑞莱智慧将基础 AI 模型与安全能力结合，为城市治理、金融、教育、科研及智能汽车等场景提供平台和行业方案。其路线同时关注模型可用性与应用安全。,"RealAI pairs foundational AI capabilities with safety technology in platforms and industry solutions. Its applications span urban governance, finance, education, scientific research and intelligent vehicles, with attention to both usefulness and control.",https://www.realai.ai,AI 原生应用,AI 基础设施,,,AI-Native Applications,AI Infrastructure,,,AI 安全、隐私计算、红队评测、内容检测、企业 AI 方案,官网产品包括 AI 安全平台、隐私计算平台及行业解决方案。基础设施标签对应安全、治理与隐私计算底座。,https://www.realai.ai/,官网已核验,2026-10-05
34,元绎娱乐,NOVIX GAMES,智能体与 AI 原生应用,AI-Native Applications,元绎娱乐拥有 Unreal Engine 4/5 大型游戏开发经验，面向全球市场制作开放世界游戏，并研究 AI 在游戏内容与交互玩法中的应用。,NOVIX GAMES brings Unreal Engine 4 and 5 experience in large-scale MMO development to a new open-world game for global players. It is also exploring how AI can change game content and interaction.,https://novaserene.com,AI 原生应用,,,,AI-Native Applications,,,,游戏、开放世界、AIGC 内容、互动娱乐,官网确认开放世界游戏研发，并说明正在探索 AIGC 与游戏融合。AI 应用为探索方向，不据此认定已发布 AI 模型产品。,https://novaserene.com/,官网已核验，AI 方向仍在探索,2026-10-05
35,吾云创新,Zettlab,智能体与 AI 原生应用,AI-Native Applications,吾云创新把多模态 AI 能力融入 NAS 存储，让个人和家庭数据在本地完成搜索、整理与知识管理。产品以私有数据空间为入口，探索消费级 AI 基础设施。,"Zettlab integrates multimodal AI with consumer NAS storage. The result is a private data workspace where people can search, organize and use personal or family information locally rather than relying entirely on cloud services.",https://www.zettlab.com,AI 原生应用,,,,AI-Native Applications,,,,AI NAS、个人数据云、本地 AI 搜索、知识管理、存储硬件,官网 AI NAS 将本地 AI 搜索及知识管理与个人数据存储平台结合，分别对应应用和数据/存储基础设施。,https://zettlab.com/,官网已核验,2026-10-05
36,紫荆智康,Tairex,智能体与 AI 原生应用,AI-Native Applications,紫荆智康源于清华大学智能产业研究院相关孵化，以大模型驱动的医疗智能体支持就医服务流程。其方向是让医疗信息与服务更易获得，并改善不同环节之间的衔接。,"Incubated through Tsinghua’s Institute for AI Industry Research, Tairex applies language-model-powered agents to healthcare services. It aims to make medical information and assistance more accessible across the care journey.",https://www.tairex.cn,AI 原生应用,,,,AI-Native Applications,,,,医疗智能体、AI 医院、虚拟诊室、数字医疗服务,官网发布紫荆 AI 医院与线上虚拟诊室。业务为医疗服务工作流，不因医疗客户自动添加科学智能标签。,https://www.tairex.cn/,官网已核验,2026-10-05
37,圆木智能,YUANMU.AI,智能体与 AI 原生应用,AI-Native Applications,圆木智能为离散制造、尤其是中小机加工企业提供智能排程与生产运营平台。智能体将订单、设备产能、工序和交期纳入动态计划，帮助工厂应对插单与变化。,"YUANMU.AI focuses on production scheduling for discrete manufacturers, particularly smaller machining businesses. Its agent-based software brings orders, capacity, process steps and delivery dates into plans that can be revised as shop-floor conditions change.",https://www.yuanmu.ai,AI 原生应用,,,,AI-Native Applications,,,,工业智能体、智能排程、生产运营、制造报价、供应链协同,官网列出需求报价、生产管理等工业智能体产品。工业大模型用于任务执行与蒸馏，现有资料未明确独立基础模型产品。,https://www.yuanmu.ai/,官网已核验,2026-10-05
38,随弹科技,Musspark,智能体与 AI 原生应用,AI-Native Applications,随弹科技以轻量化智能乐器和 AI 辅助交互降低演奏与创作门槛。产品把硬件设计与软件体验结合，面向希望更容易开始音乐创作的日常用户。,Musspark combines lightweight smart instruments with AI-assisted interaction. Its hardware and software are designed to make playing and creating music more approachable for everyday users.,https://www.musspark.com,AI 原生应用,,,,AI-Native Applications,,,,智能乐器、音乐创作、消费智能硬件、人机交互,官网确认便携智能吉他与配套创作 App；AI 辅助部分结合表内描述。智能乐器不作为机器人类具身业务。,https://www.musspark.com/,官网已核验，AI 能力结合描述判断,2026-10-05
39,群贤启智,Oscholar,智能体与 AI 原生应用,AI-Native Applications,群贤启智是一家面向科研协作与知识分发的科技公司，致力于打造新科研范式下的学术基础设施。公司以 AI 技术为支撑，结合协作、版本管理与开放分发能力，帮助研究者更高效、透明、负责任地开展科研工作，探索兼具 GitHub 协作属性与 arXiv 开放传播属性的下一代学术平台。,"Oscholar is a technology company building infrastructure for research collaboration and knowledge sharing. Powered by AI, the company combines collaboration, version management, and open distribution capabilities to help researchers work more efficiently, transparently, and responsibly. Oscholar aims to create a next-generation academic platform that brings together the collaborative strengths of GitHub and the open dissemination model of arXiv.",未检索到公开官网,AI 原生应用,科学智能,,,AI-Native Applications,AI for Science,,,AI 科研协作、论文审阅、学术出版、知识分发、科研验证,清华大学出版社确认 Oscholar 为 AI 原生学术交流与科研协作平台。科学智能标签指科研工作流支持，并非生物/物理基座模型。公开产品与群贤启智主体关系待核。,"https://oscholar.net/
https://www.tup.tsinghua.edu.cn/en/Journals/news?id=15821",产品公开资料已核验，企业主体待核,2026-10-05
40,方寸跃迁,Fangcun AI,智能体与 AI 原生应用,AI-Native Applications,方寸跃迁定位智能体时代的安全中间层，在智能体调用外部工具与执行任务时提供检测和防护。其产品覆盖 Skill 检查、运行时防护及高自主执行场景的安全控制。,"Fangcun AI positions security middleware between AI agents and the tools they use. Its products address skill inspection, runtime protection and controls for more autonomous execution, where risks emerge after a model starts acting.",https://www.fangcunleap.com,AI 基础设施,AI 原生应用,,,AI Infrastructure,AI-Native Applications,,,智能体安全、运行时防护、大模型红队、身份与权限、AI 治理,官网 Agent Runtime 身份、观测、护栏与中控属于基础设施；自动化红队和安全评测系统属于专业 AI 应用。,https://www.fangcunleap.com/,官网已核验,2026-10-05
41,元序星核,MetaOrdo,智能体与 AI 原生应用,AI-Native Applications,元序星核面向智能体执行层的安全问题，提供云端控制、安全网关与全链路防护能力。其产品关注工具调用、权限和行动过程，不只停留在模型输出过滤。,"MetaOrdo addresses security at the agent execution layer through cloud controls, a gateway and end-to-end defenses. The emphasis is on permissions, tool access and actions as they unfold, beyond filtering model outputs alone.",未检索到公开官网,AI 基础设施,AI 原生应用,,,AI Infrastructure,AI-Native Applications,,,智能体治理、执行安全、风险感知、安全网关、运行编排,官网公开简介定位智能体生产力安全底座，覆盖行为理解、执行管理与运行编排。智能治理软件对应应用交叉。,https://metaordo.com/,官网公开资料已核验,2026-10-05
42,麦伽智能,MegaTech,智能体与 AI 原生应用,AI-Native Applications,麦伽智能依托清华大学互联网司法研究相关基础，开发面向法院业务的司法大模型。公司聚焦法律专业流程，并探索模型在社会治理与政策研究场景中的使用。,"Built on research in internet justice at Tsinghua University, MegaTech is developing a judicial language model for court workflows. Its domain focus extends to legal services, public governance and policy-related use cases.",https://www.megatechai.com,AI 原生应用,基础模型与学习范式,,,AI-Native Applications,Foundation Models & Learning,,,法律垂直大模型、司法智能体、文书审查、法律知识图谱,官网公开摘要披露自研 LegalOne 一律法律大模型，以及文书智审等司法产品，支持应用与垂直模型交叉。,https://www.megatechai.com/,官网公开摘要已核验,2026-10-05
43,麦麦科技,MAIMAI,智能体与 AI 原生应用,AI-Native Applications,麦麦科技将 AI、物联网、云计算和区块链应用于农业生产与流通，从作物管理到产品销售连接数据与经营决策。其目标是提高农业运营效率与可追溯性。,"MAIMAI combines AI, IoT, cloud computing and blockchain across agricultural production and distribution. Its tools connect crop management with downstream sales data to support more efficient and traceable operations.",https://www.maimaiplanet.com,AI 原生应用,科学智能,,,AI-Native Applications,AI for Science,,,智慧农业、植物生长建模、农业知识图谱、物联网、农业经营,官网列出智慧农业超级大脑及植物生长模型，并披露农业研究院开展生长建模研究；科学智能标签为农业科学建模的交叉判断。,https://www.maimaiplanet.com/,官网已核验，科学智能为交叉判断,2026-10-05
44,觅思汇智,MythLink,智能体与 AI 原生应用,AI-Native Applications,觅思汇智由清华大学喻纯教授团队创立，专注于以人为中心的下一代人机交互平台。公司融合前沿 HCI 技术，推出以智能戒指 Mem Ring 和随身智能硬件 Mem Card 协同组成的个人智能终端方案，覆盖身份识别、信息输入、自然交互与环境感知等核心场景，探索 AI 时代更自然、更连续的人机交互入口。,"MythLink, founded by Professor Chun Yu’s team at Tsinghua University, is building a human-centered platform for next-generation human-computer interaction. Its first product combines Mem Ring, a smart ring for identity, input, natural interaction, and passive data capture, with Mem Card, a portable device for continuous environmental awareness. Together, they form a new personal intelligent terminal designed for more natural and continuous interaction in the AI era.",未检索到公开官网,AI 原生应用,,,,AI-Native Applications,,,,智能戒指、可穿戴 AI、个人智能终端、人机交互、环境感知,Mem Ring、Mem Card 与 HCI 产品定位依据表内描述；公开商标含智能戒指和手势识别，但未找到可独立核实全部产品的官网。,https://tm.aliyun.com/detail/2014_93702643_9,公开资料有限，按描述标注待核,2026-10-05
45,九章智电,AlgoEnergy,智能体与 AI 原生应用,AI-Native Applications,九章智电是一家专注于电力 AI 的科技公司，面向发电、售电、用电和储能等主体提供覆盖电力交易、策略优化与运营管理的全链路服务。公司依托北大 AI 与量化团队的技术积累，在电力现货交易场景中形成了领先的策略能力和商业化表现，助力客户提升收益、降低成本，并具备成长为电力智能化领域领军企业的潜力。,"AlgoEnergy is a technology company focused on AI for the power sector, providing end-to-end services for power generation, retail, consumption, and energy storage players across electricity trading, strategy optimization, and operations management. Backed by the team’s strengths in AI and quantitative modeling from Peking University, the company has demonstrated strong performance and scalable profitability in spot power trading, helping customers improve returns and reduce costs while positioning itself as a potential leader in power intelligence.",未检索到公开官网,AI 原生应用,基础模型与学习范式,,,AI-Native Applications,Foundation Models & Learning,,,电力垂域大模型、电力交易、价格与功率预测、储能策略,交易顾问公开资料披露电力交易专属大模型，以及功率/价格预测、策略、申报、结算全流程应用。垂直模型标签依据公开披露。,"https://www.huajingsec.com/sn/news/newsdetail/4846.shtml
https://www.huajingsec.com/cn/news/newsdetail/4904.shtml",交易顾问公开资料已核验,2026-10-05
46,元知进化,CogEvol,智能体与 AI 原生应用,AI-Native Applications,元知进化以 OpenMAIC 开源社区为基础，将认知赋能型 AI 用于教育、科研、人才发展和知识创作。它强调人机协同，让学习者和专业人员参与能力形成过程。,"CogEvol is an open-source community and product effort around cognitive AI for education, research, talent development and knowledge creation. Its emphasis is on people and AI learning together rather than replacing expert judgment.",未检索到公开官网,AI 原生应用,基础模型与学习范式,,,AI-Native Applications,Foundation Models & Learning,,,教育智能体、认知 AI、学习环境生成、后训练、强化学习,公司开源 CogEvol-4B 为基于 Qwen 的后训练模型，使用 SFT 与 RL 生成交互学习环境。第二标签对应学习范式与模型研发，非从零预训练通用基座。,"https://cogevol.com/
https://huggingface.co/CogEvol/CogEvol-4B",公司开源模型与官网公开资料核验,2026-10-05
47,思演智能,Kando AI,智能体与 AI 原生应用,AI-Native Applications,思演智能以记忆、智能体和强化学习构建个人化决策辅助系统。用户接受或拒绝建议后的结果会回流，帮助系统持续形成更贴近个人目标的判断；金融投资是其早期场景。,"Kando AI combines memory, agents and reinforcement learning in a personalized decision-support system. Feedback on accepted or rejected suggestions returns to the system, with investing as an early setting for testing this loop.",未检索到公开官网,AI 原生应用,,,,AI-Native Applications,,,,AI 决策助手、投资研究、长期记忆、个性化智能体,公开产品资料支持 Kando/Knevo 金融决策和长期记忆功能；knevo.ai 已显示迁移到 kandoai.cn。内部自研 Infra 不自动等同对外基础设施业务。,"https://knevo.ai/
https://www.chooseai.net/news/6284/",产品官网与公开资料已核验,2026-10-05
48,动易科技,PHYBOT,具身智能,Embodied AI,动易科技围绕人形机器人本体与 UPIA 通用运动控制软件开展研发，同时覆盖机械臂和轮腿等硬件。软硬件协同是其提升机器人动作适应性的核心路径。,"PHYBOT works across humanoid robot prototypes, its UPIA general-purpose motion-control software and hardware including robotic arms and wheeled legs. Coordinating these layers is central to making robots more adaptable in motion.",https://www.phybot.tech,具身智能,,,,Embodied AI,,,,人形机器人、运动控制、强化学习、机械臂、轮腿机器人,官网可定位；公开产品资料与原描述一致，列出人形本体、UPIA 运动控制及其他硬件，核心是机器人与运动控制。,"https://www.phybot.tech/
https://media.qimingpian.cn/2024/08/06/73a31355b9c34be93a08d548ae39267c.html",公开产品资料与表内描述核验,2026-10-05
49,阿米奥机器人,amigos,具身智能,Embodied AI,阿米奥机器人面向消费电子等柔性制造场景，研发能自主完成复杂操作的具身机器人。大模型、强化学习与机器人控制的结合，帮助系统适应不断变化的工序。,"amigos develops embodied robots for flexible manufacturing, including consumer electronics. By combining language models, reinforcement learning and robotics, it aims to handle complex tasks as production steps change.",https://amigos-robot.com,具身智能,基础模型与学习范式,,,Embodied AI,Foundation Models & Learning,,,工业具身机器人、柔性制造、双臂操作、VLA 基座模型,公司公开介绍及联合创始人访谈确认自研 VLA 模型架构与高精度双臂机器人，因此并列具身和基础模型。,"https://amigos-robot.com/
https://app.xinhuanet.com/news/article.html?articleId=20260424e6fdecd721af477895e24d9687f0cb38",官网公开资料与创始人访谈核验,2026-10-05
50,魔豆领科,Modalink.ai,具身智能,Embodied AI,魔豆领科以自研 F3 通用数据格式为基础，为具身智能、自动驾驶与世界模型提供全生命周期数据平台。平台覆盖摄取、存储、质量处理、检索与高吞吐加载，解决多模态数据难以对齐和利用的问题。,"Modalink.ai’s F3 data format anchors a lifecycle platform for embodied AI, autonomous driving and world models. It covers ingestion, storage, quality improvement, retrieval and high-throughput loading, addressing the practical difficulty of aligning and using multimodal training data.",未检索到公开官网,AI 基础设施,具身智能,,,AI Infrastructure,Embodied AI,,,多模态数据平台、F3 数据格式、具身数据、自动驾驶数据、世界模型数据,全生命周期数据平台对应 AI 基础设施，机器人数据与具身训练对应具身交叉。未找到可独立验证产品的公开资料，全部依据表内描述。,未检索到足以独立核验的公开资料；依据本表企业描述。,公开资料不足，按描述标注待核,2026-10-05
51,求之科技,DISCOVER Robotics,具身智能,Embodied AI,求之科技面向真实家庭任务研发具身机器人，优先覆盖收纳、洗护与备餐等高频家务。轮式底盘、双臂及灵巧手与自研分层模型、仿真和数据工具链协同设计，目标是走向可持续交付的家庭产品。,"DISCOVER Robotics designs home robots around concrete chores such as tidying, laundry and meal preparation. Wheeled mobility, dual arms and hands are paired with a layered model architecture, simulation and data tools aimed at practical household use.",https://www.discover-robotics.com,具身智能,,,,Embodied AI,,,,家庭机器人、双臂操作、灵巧手、家务自动化、仿真与数据工具,清华 AIR 确认公司为 AI 与机器人融合企业。家庭任务、分层模型和工具链细节依据原描述；未据内部模型单独添加基础模型标签。,https://air.tsinghua.edu.cn/yjhzdw/qzkj.htm,高校资料已核验，细分按描述补充,2026-10-05
52,嘭咔智能,Pooka,具身智能,Embodied AI,嘭咔智能是一家面向家庭场景的 AI 机器人公司，专注于研发下一代通用家庭具身机器人。公司结合多模态感知、端侧智能、仿生运动结构和人格化交互，致力于打造能够自然融入家庭生活、长期陪伴用户并持续成长的消费级 AI 机器人产品。,"Pooka is an AI robotics company developing next-generation general-purpose embodied robots for the home. By combining multimodal perception, on-device intelligence, biomimetic motion systems, and personality-driven interaction, Pooka aims to create consumer robots that can naturally fit into family life, grow with users over time, and become a new AI interface for the home.",未检索到公开官网,具身智能,AI 原生应用,,,Embodied AI,AI-Native Applications,,,家庭陪伴机器人、端侧 AI、多模态交互、仿生运动、情感交互,陪伴机器人及 AI 交互产品依据表内描述。公开商标支持 POOKA 与嘭咔主体及陪伴机器人范围，尚不足以核实全部技术与产品。,https://tm.aliyun.com/detail/f5e8_91865963_9,公开资料有限，按描述标注待核,2026-10-05
53,百奥几何,BioGeometry,科学智能,AI for Science,百奥几何利用生成式 AI 研究蛋白质序列、结构与功能之间的关系，开展全新可编程蛋白设计。应用方向包括生物制药与合成生物学。,"BioGeometry applies generative AI to the relationship between protein sequence, structure and function. Its de novo design work targets programmable proteins for biopharmaceutical and synthetic-biology applications.",https://www.biogeom.com,科学智能,基础模型与学习范式,,,AI for Science,Foundation Models & Learning,,,蛋白质设计、微观世界模型、生物分子生成、合成生物学、干湿实验闭环,官网 GeoFlow V3 统一生物分子序列、结构与功能，并提供生成式蛋白设计及高通量实验方案，支持科学智能与领域基础模型。,https://www.biogeom.com/,官网已核验,2026-10-05
54,无尽方舟,EonArk,科学智能,AI for Science,无尽方舟是一家专注于 AI 生物医药的创新公司，围绕衰老干预与延寿药物发现搭建跨物种研发平台。公司通过自研 H2P 模型提升小鼠研究向人类应用转化的效率，并以宠物健康市场作为早期商业化切入点，在降低临床与伦理风险的同时验证产品价值，具备成长为全球抗衰老药物研发平台的潜力。,"EonArk is an AI-enabled biotechnology company focused on aging intervention and longevity drug discovery. Through its proprietary H2P model, the company aims to improve the translation of findings from mouse studies to human applications, while using the pet health market as an early commercialization path to validate product value with lower clinical and ethical risk. EonArk has the potential to develop into a global platform for anti-aging drug discovery.",https://eonark.ai,科学智能,基础模型与学习范式,,,AI for Science,Foundation Models & Learning,,,长寿科学、抗衰药物、跨物种模型、单细胞数据、干湿实验闭环,官网明确 AI 长寿研究、跨物种药物发现与 Longevity Foundation Model 研发方向。模型标签对应已披露研发方向，不代表已验证商业发布。,https://eonark.ai/,官网已核验，模型为研发方向,2026-10-05
55,艾斐智药,AIPher,科学智能,AI for Science,艾斐智药源于清华 AIR，以 DrugCLIP 等算法把大规模分子筛选转化为高效检索问题。其 AI 药物研发路线从疾病与靶点研究延伸至分子设计，探索更连续的发现流程。,"Originating from Tsinghua AIR, AIPher uses algorithms including DrugCLIP to turn large-scale molecular screening into a retrieval problem. Its broader drug-discovery work connects disease and target research with molecular design.","https://www.aipher-tech.com
（仅检索到其平台子域名 aipherdd.aipher-tech.com，主域名请核对）",科学智能,,,,AI for Science,,,,AI 药物发现、DrugCLIP、科研智能体、PharmAgents、虚拟药企,清华 AIR 确认 AI for Drug Discovery 和 PharmAgents 药物研发智能体系统，因此并列科学智能与 AI 原生应用。未以创始人过往模型成果推定公司基础模型产品。,https://air.tsinghua.edu.cn/yjhzdw/afzy.htm,高校孵化机构资料已核验,2026-10-05
56,利太智药,LigIT,科学智能,AI for Science,利太智药把计算设计、镜像蛋白化学与实验验证结合，探索新的药物分子类型。其 CPMirror 模型研究天然蛋白知识如何迁移至镜像蛋白设计，形成从算法到实验的闭环。,"LigIT combines computational design, mirror-protein chemistry and experiments to explore a new therapeutic modality. Its CPMirror model investigates how knowledge from natural proteins can transfer to mirror-protein design and validation.",未检索到公开官网,科学智能,基础模型与学习范式,,,AI for Science,Foundation Models & Learning,,,AI 多肽药物、镜像多肽生成、蛋白知识迁移、生成模型、实验验证,创始人访谈确认 AI 原生多肽药物研发与 PepMirror 生成模型；模型与迁移学习形成第二标签。原表 CPMirror 与访谈 PepMirror 名称不同，需核对是否为不同模型。,https://finance.sina.com.cn/stock/t/2026-09-02/doc-iniqmshs4589225.shtml,创始人访谈已核验，模型名称待核,2026-10-05